tela,arquivo,linha,onde,tipo,atual,proposto,so_com_a_sua_lista,caixa_alta,codigo_sem_uso,nao_alterar
HTML do Hostinger (login e modais fixos),hostinger/index.html,301,texto-html,título/rótulo,Acessar o sistema,Acessar o Sistema,Acessar o Sistema,False,False,
HTML do Hostinger (login e modais fixos),hostinger/index.html,303,texto-html,título/rótulo,Email de acesso,Email de Acesso,Email de Acesso,False,False,
HTML do Hostinger (login e modais fixos),hostinger/index.html,307,texto-html,título/rótulo,Esqueci minha senha,Esqueci Minha Senha,Esqueci Minha Senha,False,False,
HTML do Hostinger (login e modais fixos),hostinger/index.html,325,texto-html,título/rótulo,🏪 Cadastrar minha loja,🏪 Cadastrar Minha Loja,🏪 Cadastrar Minha Loja,False,False,
HTML do Hostinger (login e modais fixos),hostinger/index.html,331,placeholder,título/rótulo,"Rua, número, bairro","Rua, Número, Bairro","Rua, Número, Bairro",False,False,
HTML do Hostinger (login e modais fixos),hostinger/index.html,337,placeholder,título/rótulo,Nome completo,Nome Completo,Nome Completo,False,False,
HTML do Hostinger (login e modais fixos),hostinger/index.html,342,placeholder,título/rótulo,Mínimo 6 caracteres,Mínimo 6 Caracteres,Mínimo 6 Caracteres,False,False,
HTML do Hostinger (login e modais fixos),hostinger/index.html,348,texto-html,título/rótulo,Enviar cadastro,Enviar Cadastro,Enviar Cadastro,False,False,
HTML do Hostinger (login e modais fixos),hostinger/index.html,389,texto-html,frase,"Essa integração está em preparação. Em breve, lojas parceiras do Cardápio Web poderão conectar sua conta aqui para que os pedidos sejam despachados automaticamente pela Let's Go Delivery.","Essa integração está em preparação. Em breve, lojas parceiras do cardápio web poderão conectar sua conta aqui para que os pedidos sejam despachados automaticamente pela Let's Go Delivery.","Essa integração está em preparação. Em breve, lojas parceiras do cardápio web poderão conectar sua conta aqui para que os pedidos sejam despachados automaticamente pela Let's Go Delivery.",False,False,
HTML do Hostinger (login e modais fixos),hostinger/index.html,417,title-attr,título/rótulo,Saldo da carteira,Saldo da Carteira,Saldo da Carteira,False,False,
HTML do Hostinger (login e modais fixos),hostinger/index.html,420,texto-html,título/rótulo,WALLET,Wallet,Wallet,True,False,
HTML do Hostinger (login e modais fixos),hostinger/index.html,428,title-attr,frase,Horário de Brasília — conferência visual,Horário de brasília — conferência visual,Horário de brasília — conferência visual,False,False,
HTML do Hostinger (login e modais fixos),hostinger/index.html,446,placeholder,título/rótulo,Nome do cliente,Nome do Cliente,Nome do Cliente,False,False,
HTML do Hostinger (login e modais fixos),hostinger/index.html,449,texto-html,título/rótulo,Endereço de entrega,Endereço de Entrega,Endereço de Entrega,False,False,
HTML do Hostinger (login e modais fixos),hostinger/index.html,449,placeholder,título/rótulo,"Rua, número, bairro","Rua, Número, Bairro","Rua, Número, Bairro",False,False,
HTML do Hostinger (login e modais fixos),hostinger/index.html,477,texto-html,título/rótulo,Nome da loja,Nome da Loja,Nome da Loja,False,False,
HTML do Hostinger (login e modais fixos),hostinger/index.html,478,placeholder,título/rótulo,Razão social,Razão Social,Razão Social,False,False,
HTML do Hostinger (login e modais fixos),hostinger/index.html,503,texto-html,título/rótulo,IMC,Imc,Imc,True,False,dado (categoria/banco)
HTML do Hostinger (login e modais fixos),hostinger/index.html,511,texto-html,título/rótulo,Bacio di Latte,Bacio Di Latte,Bacio Di Latte,False,False,
HTML do Hostinger (login e modais fixos),hostinger/index.html,521,texto-html,título/rótulo,DPSP,Dpsp,Dpsp,True,False,dado (categoria/banco)
HTML do Hostinger (login e modais fixos),hostinger/index.html,547,placeholder,título/rótulo,Inscrição estadual,Inscrição Estadual,Inscrição Estadual,False,False,
HTML do Hostinger (login e modais fixos),hostinger/index.html,548,placeholder,título/rótulo,Inscrição municipal,Inscrição Municipal,Inscrição Municipal,False,False,
HTML do Hostinger (login e modais fixos),hostinger/index.html,550,placeholder,título/rótulo,"Rua, número, bairro","Rua, Número, Bairro","Rua, Número, Bairro",False,False,
HTML do Hostinger (login e modais fixos),hostinger/index.html,557,placeholder,título/rótulo,Tipo de cliente,Tipo de Cliente,Tipo de Cliente,False,False,
HTML do Hostinger (login e modais fixos),hostinger/index.html,558,placeholder,título/rótulo,Nome do responsável,Nome do Responsável,Nome do Responsável,False,False,
HTML do Hostinger (login e modais fixos),hostinger/index.html,565,texto-html,título/rótulo,E-mail de acesso,E-mail de Acesso,E-mail de Acesso,False,False,
HTML do Hostinger (login e modais fixos),hostinger/index.html,566,texto-html,título/rótulo,Senha de acesso,Senha de Acesso,Senha de Acesso,False,False,
HTML do Hostinger (login e modais fixos),hostinger/index.html,566,placeholder,título/rótulo,Senha para login,Senha para Login,Senha para Login,False,False,
HTML do Hostinger (login e modais fixos),hostinger/index.html,570,texto-html,título/rótulo,APP LET'S GO CLIENTE,App Let's Go Cliente,App Let's Go Cliente,True,False,
HTML do Hostinger (login e modais fixos),hostinger/index.html,580,texto-html,título/rótulo,Ativar roterizador para esta loja,Ativar Roterizador para Esta Loja,Ativar Roterizador para Esta Loja,False,False,
HTML do Hostinger (login e modais fixos),hostinger/index.html,582,texto-html,título/rótulo,Raio de agrupamento (km),Raio de Agrupamento (km),Raio de Agrupamento (km),False,False,
HTML do Hostinger (login e modais fixos),hostinger/index.html,583,texto-html,título/rótulo,Máximo de pedidos por rota,Máximo de Pedidos por Rota,Máximo de Pedidos Por Rota,False,False,
HTML do Hostinger (login e modais fixos),hostinger/index.html,604,placeholder,título/rótulo,Nome completo,Nome Completo,Nome Completo,False,False,
HTML do Hostinger (login e modais fixos),hostinger/index.html,609,texto-html,título/rótulo,🔐 ADM,🔐 Adm,🔐 Adm,True,False,
HTML do Hostinger (login e modais fixos),hostinger/index.html,615,placeholder,título/rótulo,Senha de acesso,Senha de Acesso,Senha de Acesso,False,False,
HTML do Hostinger (login e modais fixos),hostinger/index.html,618,texto-html,título/rótulo,Loja vinculada,Loja Vinculada,Loja Vinculada,False,False,
Pedidos,app.js,2870,notif,frase,🔔 Pedido Pronto!,🔔 Pedido pronto!,🔔 Pedido pronto!,False,False,
Pedidos,app.js,4411,texto-html,título/rótulo,✓ Todos os pedidos carregados,✓ Todos os Pedidos Carregados,✓ Todos Os Pedidos Carregados,False,False,
Pedidos,app.js,4701,label:,título/rótulo,Chegou no local,Chegou no Local,Chegou no Local,False,False,
Pedidos,app.js,4702,label:,título/rótulo,Em rota,Em Rota,Em Rota,False,False,
Pedidos,app.js,4703,label:,título/rótulo,Chegou no destino,Chegou no Destino,Chegou no Destino,False,False,
Pedidos,app.js,4760,texto-html,título/rótulo,CÓDIGO,Código,Código,True,False,
Pedidos,app.js,4777,texto-html,título/rótulo,🏪 Retirada na loja,🏪 Retirada na Loja,🏪 Retirada na Loja,False,False,
Pedidos,app.js,4821,title-attr,título/rótulo,Pedido da integração iFood,Pedido da Integração iFood,Pedido da Integração iFood,False,False,
Pedidos,app.js,4833,title-attr,título/rótulo,Solicitar entregador sob demanda,Solicitar Entregador Sob Demanda,Solicitar Entregador Sob Demanda,False,False,
Pedidos,app.js,4837,title-attr,título/rótulo,Alocar entregador,Alocar Entregador,Alocar Entregador,False,False,
Pedidos,app.js,7400,texto-html,título/rótulo,TODOS OS PEDIDOS,Todos os Pedidos,Todos Os Pedidos,True,False,
Pedidos,app.js,7401,texto-html,título/rótulo,FINALIZADOS,Finalizados,Finalizados,True,False,
Pedidos,app.js,7402,texto-html,título/rótulo,CANCELADOS,Cancelados,Cancelados,True,False,
Pedidos,app.js,7403,texto-html,título/rótulo,TOTAL KM,Total KM,Total KM,True,False,
Pedidos,app.js,7406,texto-html,título/rótulo,FATURAMENTO,Faturamento,Faturamento,True,False,
Pedidos,app.js,7407,texto-html,título/rótulo,DESPESAS,Despesas,Despesas,True,False,
Pedidos,app.js,7408,texto-html,título/rótulo,CONTAS A PAGAR,Contas a Pagar,Contas a Pagar,True,False,
Pedidos,app.js,7409,texto-html,título/rótulo,LUCRO LÍQUIDO,Lucro Líquido,Lucro Líquido,True,False,
Pedidos,app.js,7410,texto-html,título/rótulo,FATURAMENTO MÉDIO/ENTREGA,Faturamento Médio/Entrega,Faturamento Médio/Entrega,True,False,
Pedidos,app.js,7411,texto-html,título/rótulo,CUSTO MÉDIO/ENTREGA,Custo Médio/Entrega,Custo Médio/Entrega,True,False,
Pedidos,app.js,7412,texto-html,título/rótulo,LUCRO MÉDIO/ENTREGA,Lucro Médio/Entrega,Lucro Médio/Entrega,True,False,
Pedidos,app.js,7413,texto-html,título/rótulo,VALOR MERCADORIA,Valor Mercadoria,Valor Mercadoria,True,False,
Pedidos,app.js,7415,texto-html,frase,⏱️ SLA de Entrega (Aceito → Chegada no Cliente),⏱️ SLA de entrega (Aceito → chegada no cliente),⏱️ SLA de entrega (Aceito → chegada no cliente),False,False,
Pedidos,app.js,7546,label:,título/rótulo,0 a 30 min,0 A 30 min,0 A 30 min,False,False,
Pedidos,app.js,7547,label:,título/rótulo,30 a 35 min,30 A 35 min,30 A 35 min,False,False,
Pedidos,app.js,7548,label:,título/rótulo,35 a 40 min,35 A 40 min,35 A 40 min,False,False,
Gestor de Pedidos / Mapa,app.js,2278,notif,frase,🔔 Pedido Pronto!,🔔 Pedido pronto!,🔔 Pedido pronto!,False,False,
Gestor de Pedidos / Mapa,app.js,2513,texto-html,título/rótulo,ENTREGA,Entrega,Entrega,True,False,
Gestor de Pedidos / Mapa,app.js,4214,title-attr,título/rótulo,Abrir/fechar pedidos,Abrir/Fechar Pedidos,Abrir/Fechar Pedidos,False,False,
Gestor de Pedidos / Mapa,app.js,4216,title-attr,título/rótulo,Mostrar/ocultar Pedidos,Mostrar/Ocultar Pedidos,Mostrar/Ocultar Pedidos,False,False,
Gestor de Pedidos / Mapa,app.js,4218,texto-html,título/rótulo,Finalizados hoje,Finalizados Hoje,Finalizados Hoje,False,False,
Gestor de Pedidos / Mapa,app.js,4220,texto-html,título/rótulo,Cancelados hoje,Cancelados Hoje,Cancelados Hoje,False,False,
Gestor de Pedidos / Mapa,app.js,4224,title-attr,título/rótulo,Mostrar todos os motoboys,Mostrar Todos os Motoboys,Mostrar Todos Os Motoboys,False,False,
Gestor de Pedidos / Mapa,app.js,4225,title-attr,título/rótulo,Escondendo lojas sem pedido,Escondendo Lojas Sem Pedido,Escondendo Lojas Sem Pedido,False,False,
Gestor de Pedidos / Mapa,app.js,4251,placeholder,título/rótulo,Nº pedido,Nº Pedido,Nº Pedido,False,False,
Gestor de Pedidos / Mapa,app.js,4253,placeholder,título/rótulo,Nome do cliente,Nome do Cliente,Nome do Cliente,False,False,
Gestor de Pedidos / Mapa,app.js,4369,title-attr,título/rótulo,Com retorno,Com Retorno,Com Retorno,False,False,
Gestor de Pedidos / Mapa,app.js,4370,title-attr,título/rótulo,Com gorjeta,Com Gorjeta,Com Gorjeta,False,False,
Gestor de Pedidos / Mapa,app.js,4371,title-attr,título/rótulo,Feriado/Promoção global,Feriado/Promoção Global,Feriado/Promoção Global,False,False,
Gestor de Pedidos / Mapa,app.js,4371,title-attr,título/rótulo,Taxa dinâmica (cidade),Taxa Dinâmica (cidade),Taxa Dinâmica (cidade),False,False,
Gestor de Pedidos / Mapa,app.js,13703,texto-html,frase,Pedido Não Encontrado.,Pedido não encontrado.,Pedido não encontrado.,False,False,
"Modais do topo (Novo Pedido, Nova Loja, etc.)",app.js,2358,texto-html,título/rótulo,Plataforma de origem,Plataforma de Origem,Plataforma de Origem,False,False,
"Modais do topo (Novo Pedido, Nova Loja, etc.)",app.js,2361,placeholder,título/rótulo,Nome do cliente,Nome do Cliente,Nome do Cliente,False,False,
"Modais do topo (Novo Pedido, Nova Loja, etc.)",app.js,2365,texto-html,título/rótulo,Endereço de entrega,Endereço de Entrega,Endereço de Entrega,False,False,
"Modais do topo (Novo Pedido, Nova Loja, etc.)",app.js,2365,placeholder,título/rótulo,"Rua, número, bairro","Rua, Número, Bairro","Rua, Número, Bairro",False,False,
"Modais do topo (Novo Pedido, Nova Loja, etc.)",app.js,2368,placeholder,título/rótulo,"Apto, bloco, ponto de referência","Apto, Bloco, Ponto de Referência","Apto, Bloco, Ponto de Referência",False,False,
"Modais do topo (Novo Pedido, Nova Loja, etc.)",app.js,2387,texto-html,título/rótulo,📦 Coleta em outro endereço,📦 Coleta em Outro Endereço,📦 Coleta em Outro Endereço,False,False,
"Modais do topo (Novo Pedido, Nova Loja, etc.)",app.js,2391,texto-html,título/rótulo,Endereço de coleta,Endereço de Coleta,Endereço de Coleta,False,False,
"Modais do topo (Novo Pedido, Nova Loja, etc.)",app.js,2391,placeholder,título/rótulo,"Rua, número, bairro","Rua, Número, Bairro","Rua, Número, Bairro",False,False,
"Modais do topo (Novo Pedido, Nova Loja, etc.)",app.js,2395,texto-html,título/rótulo,Contato na coleta,Contato na Coleta,Contato na Coleta,False,False,
"Modais do topo (Novo Pedido, Nova Loja, etc.)",app.js,2395,placeholder,título/rótulo,Nome do contato,Nome do Contato,Nome do Contato,False,False,
"Modais do topo (Novo Pedido, Nova Loja, etc.)",app.js,2396,texto-html,título/rótulo,Telefone da coleta,Telefone da Coleta,Telefone da Coleta,False,False,
"Modais do topo (Novo Pedido, Nova Loja, etc.)",app.js,2401,texto-html,título/rótulo,⏰ Agendar pedido,⏰ Agendar Pedido,⏰ Agendar Pedido,False,False,
"Modais do topo (Novo Pedido, Nova Loja, etc.)",app.js,2405,texto-html,título/rótulo,Data e hora,Data e Hora,Data e Hora,False,False,
Créditos,app.js,9973,_scLabel(),título/rótulo,NOME,Nome,Nome,True,False,
Créditos,app.js,9974,_scLabel(),título/rótulo,DATA INICIO,Data Inicio,Data Inicio,True,False,
Créditos,app.js,9975,_scLabel(),título/rótulo,DATA FIM,Data Fim,Data Fim,True,False,
Créditos,app.js,9976,_scLabel(),título/rótulo,TIPO,Tipo,Tipo,True,False,
Créditos,app.js,9986,_scLabel(),título/rótulo,ENTIDADE,Entidade,Entidade,True,False,
Créditos,app.js,9987,texto-html,título/rótulo,Ajuste manual (crédito ou débito),Ajuste Manual (crédito ou débito),Ajuste Manual (crédito ou débito),False,False,
Créditos,app.js,9987,_scLabel(),título/rótulo,LANÇAMENTO,Lançamento,Lançamento,True,False,
Créditos,app.js,9988,_scLabel(),título/rótulo,DATA,Data,Data,True,False,
Créditos,app.js,9989,_scLabel(),título/rótulo,TIPO,Tipo,Tipo,True,False,
Créditos,app.js,9990,_scLabel(),título/rótulo,VALOR,Valor,Valor,True,False,
Créditos,app.js,9992,_scLabel(),título/rótulo,OBSERVACOES,Observacoes,Observacoes,True,False,
Créditos,app.js,10110,texto-html,título/rótulo,Bônus fora da janela,Bônus Fora da Janela,Bônus Fora da Janela,False,False,
C.A.C.,app.js,7305,texto-html,frase,— (sem meta),— (Sem meta),— (Sem meta),False,False,
C.A.C.,app.js,7317,texto-html,frase,Nenhum vendedor cadastrado — cadastre em Cadastros → Vendedores.,Nenhum vendedor cadastrado — cadastre em cadastros → vendedores.,Nenhum vendedor cadastrado — cadastre em cadastros → vendedores.,False,False,
C.A.C.,app.js,7328,texto-html,frase,Nenhuma loja com vendedor responsável ainda — atribua em Cadastros → Estabelecimentos → Editar Loja.,Nenhuma loja com vendedor responsável ainda — atribua em cadastros → estabelecimentos → editar loja.,Nenhuma loja com vendedor responsável ainda — atribua em cadastros → estabelecimentos → editar loja.,False,False,
C.A.C.,app.js,7332,texto-html,título/rótulo,Lojas novas,Lojas Novas,Lojas Novas,False,False,
C.A.C.,app.js,7332,texto-html,título/rótulo,Pedidos na janela,Pedidos na Janela,Pedidos na Janela,False,False,
C.A.C.,app.js,7332,texto-html,título/rótulo,Bônus acumulado,Bônus Acumulado,Bônus Acumulado,False,False,
C.A.C.,app.js,7332,texto-html,título/rótulo,Bônus no mês,Bônus no Mês,Bônus no Mês,False,False,
C.A.C.,app.js,7332,texto-html,título/rótulo,Meta/mês,Meta/Mês,Meta/Mês,False,False,
C.A.C.,app.js,7333,texto-html,título/rótulo,Lojas novas por vendedor,Lojas Novas por Vendedor,Lojas Novas Por Vendedor,False,False,
C.A.C.,app.js,7334,texto-html,título/rótulo,Início contagem,Início Contagem,Início Contagem,False,False,
Contas a Pagar,app.js,10167,_scLabel(),título/rótulo,MÊS/ANO,Mês/Ano,Mês/Ano,True,False,
Contas a Pagar,app.js,10168,_scLabel(),título/rótulo,DESCRIÇÃO,Descrição,Descrição,True,False,
Contas a Pagar,app.js,10169,_scLabel(),título/rótulo,CATEGORIA,Categoria,Categoria,True,False,
Contas a Pagar,app.js,10174,_scLabel(),título/rótulo,VALOR,Valor,Valor,True,False,
Contas a Pagar,app.js,10175,_scLabel(),título/rótulo,STATUS,Status,Status,True,False,
Contas a Pagar,app.js,10176,_scLabel(),título/rótulo,VENCIMENTO,Vencimento,Vencimento,True,False,
Contas a Pagar,app.js,10183,_scLabel(),título/rótulo,FILTRAR POR MÊS,Filtrar por Mês,Filtrar Por Mês,True,False,
Contas a Pagar,app.js,10247,textContent,frase,Editar Conta a Pagar,Editar conta a pagar,Editar conta a pagar,False,False,
Contas a Pagar,app.js,10248,textContent,frase,Salvar Edição,Salvar edição,Salvar edição,False,False,
Contas a Pagar,app.js,10261,textContent,frase,Cadastrar Conta a Pagar,Cadastrar conta a pagar,Cadastrar conta a pagar,False,False,
Saque Rápido,app.js,11236,texto-html,título/rótulo,CAIXA,Caixa,Caixa,True,False,
Saque Rápido,app.js,11236,title-attr,título/rótulo,Definir caixa,Definir Caixa,Definir Caixa,False,False,
Saque Rápido,app.js,11243,texto-html,título/rótulo,PAGO NO PERÍODO,Pago no Período,Pago no Período,True,False,
Saque Rápido,app.js,11244,texto-html,título/rótulo,LUCRO NO PERÍODO,Lucro no Período,Lucro no Período,True,False,
Saque Rápido,app.js,11247,texto-html,título/rótulo,DATA INÍCIO,Data Início,Data Início,True,False,
Saque Rápido,app.js,11248,texto-html,título/rótulo,DATA FIM,Data Fim,Data Fim,True,False,
Saque Rápido,app.js,11252,texto-html,título/rótulo,Saques rápidos pendentes de aprovação,Saques Rápidos Pendentes de Aprovação,Saques Rápidos Pendentes de Aprovação,False,False,
Saque Rápido,app.js,11315,texto-html,título/rótulo,Selecionar todos,Selecionar Todos,Selecionar Todos,False,False,
Saque Rápido,app.js,11319,texto-html,título/rótulo,Chave PIX,Chave Pix,Chave Pix,False,False,
Saque Rápido,app.js,11319,texto-html,título/rótulo,Tipo PIX,Tipo Pix,Tipo Pix,False,False,
Clientes (loja),app.js,13261,texto-html,título/rótulo,Ticket médio,Ticket Médio,Ticket Médio,False,False,
Clientes (loja),app.js,13262,texto-html,título/rótulo,Dia com mais pedidos,Dia com Mais Pedidos,Dia com Mais Pedidos,False,False,
Clientes (loja),app.js,13263,texto-html,título/rótulo,Item mais pedido,Item Mais Pedido,Item Mais Pedido,False,False,
Clientes (loja),app.js,13269,texto-html,título/rótulo,Clientes novos (30 dias),Clientes Novos (30 dias),Clientes Novos (30 dias),False,False,
Clientes (loja),app.js,13273,texto-html,título/rótulo,Evolução de clientes por semana,Evolução de Clientes por Semana,Evolução de Clientes Por Semana,False,False,
Clientes (loja),app.js,13278,texto-html,título/rótulo,Hábitos de compra,Hábitos de Compra,Hábitos de Compra,False,False,
Clientes (loja),app.js,13281,texto-html,título/rótulo,Clientes mais frequentes (90 dias),Clientes Mais Frequentes (90 dias),Clientes Mais Frequentes (90 dias),False,False,
Clientes (loja),app.js,13283,texto-html,título/rótulo,Último pedido,Último Pedido,Último Pedido,False,False,
Clientes (loja),app.js,13283,texto-html,título/rótulo,Ticket médio,Ticket Médio,Ticket Médio,False,False,
Editar Entregador,app.js,6418,texto-html,título/rótulo,Ver foto,Ver Foto,Ver Foto,False,False,
Editar Entregador,app.js,6498,fi(),título/rótulo,Nome completo,Nome Completo,Nome Completo,False,False,
Editar Entregador,app.js,6500,"opção [v,t]",título/rótulo,Sem clã,Sem Clã,Sem Clã,False,False,
Editar Entregador,app.js,6501,fi(),título/rótulo,Data de nascimento,Data de Nascimento,Data de Nascimento,False,False,
Editar Entregador,app.js,6513,fi(),título/rótulo,Tipo de pagamento,Tipo de Pagamento,Tipo de Pagamento,False,False,
Editar Entregador,app.js,6514,fi(),título/rótulo,Tipo chave PIX,Tipo Chave Pix,Tipo Chave Pix,False,False,
Editar Entregador,app.js,6514,fi(),título/rótulo,Chave PIX,Chave Pix,Chave Pix,False,False,
Editar Entregador,app.js,6515,texto-html,título/rótulo,Máquina de cartão,Máquina de Cartão,Máquina de Cartão,False,False,
Editar Entregador,app.js,6515,texto-html,título/rótulo,Possui máquina de cartão,Possui Máquina de Cartão,Possui Máquina de Cartão,False,False,
Gerar Pagamentos,app.js,10920,texto-html,título/rótulo,Data início,Data Início,Data Início,False,False,
Gerar Pagamentos,app.js,10925,texto-html,título/rótulo,Data fim,Data Fim,Data Fim,False,False,
Gerar Pagamentos,app.js,10985,texto-html,título/rótulo,TOTAL PAGAMENTO AOS MOTOBOYS,Total Pagamento aos Motoboys,Total Pagamento Aos Motoboys,True,False,
Gerar Pagamentos,app.js,11048,texto-html,título/rótulo,Selecionar todos,Selecionar Todos,Selecionar Todos,False,False,
Gerar Pagamentos,app.js,11052,texto-html,título/rótulo,Chave PIX,Chave Pix,Chave Pix,False,False,
Gerar Pagamentos,app.js,11052,texto-html,título/rótulo,Tipo PIX,Tipo Pix,Tipo Pix,False,False,
Gerar Pagamentos,app.js,11079,texto-html,título/rótulo,Selecionar todos,Selecionar Todos,Selecionar Todos,False,False,
Gerar Pagamentos,app.js,11083,texto-html,título/rótulo,Chave PIX,Chave Pix,Chave Pix,False,False,
Gerar Pagamentos,app.js,11083,texto-html,título/rótulo,Tipo PIX,Tipo Pix,Tipo Pix,False,False,
Cadastro de loja em etapas,app.js,9258,titulo:,título/rótulo,Sobre a sua loja,Sobre a Sua Loja,Sobre a Sua Loja,False,False,
Cadastro de loja em etapas,app.js,9259,titulo:,título/rótulo,Onde fica a sua loja,Onde Fica a Sua Loja,Onde Fica a Sua Loja,False,False,
Cadastro de loja em etapas,app.js,9261,titulo:,título/rótulo,Documento da loja,Documento da Loja,Documento da Loja,False,False,
Cadastro de loja em etapas,app.js,9262,titulo:,título/rótulo,Dados de acesso,Dados de Acesso,Dados de Acesso,False,False,
Cadastro de loja em etapas,app.js,9263,titulo:,título/rótulo,Revise seus dados,Revise Seus Dados,Revise Seus Dados,False,False,
Cadastro de loja em etapas,app.js,9432,texto-html,título/rótulo,Voltar ao login,Voltar ao Login,Voltar Ao Login,False,False,
Cadastro de loja em etapas,app.js,9517,placeholder,título/rótulo,Mínimo 6 caracteres,Mínimo 6 Caracteres,Mínimo 6 Caracteres,False,False,
Cadastro de loja em etapas,app.js,9518,aria-label,título/rótulo,Mostrar senha,Mostrar Senha,Mostrar Senha,False,False,
Editar Loja,app.js,8939,placeholder,título/rótulo,"Rua, número, bairro","Rua, Número, Bairro","Rua, Número, Bairro",False,False,
Editar Loja,app.js,8942,"opção [v,t]",título/rótulo,COLETA FIXA,Coleta Fixa,Coleta Fixa,True,False,
Editar Loja,app.js,8942,"opção [v,t]",título/rótulo,CLIENTE FIXO,Cliente Fixo,Cliente Fixo,True,False,
Editar Loja,app.js,8942,"opção [v,t]",título/rótulo,CLIENTE EVENTUAL,Cliente Eventual,Cliente Eventual,True,False,
Editar Loja,app.js,8944,placeholder,título/rótulo,000.000.000-00 ou 00.000.000/0000-00,000.000.000-00 Ou 00.000.000/0000-00,000.000.000-00 Ou 00.000.000/0000-00,False,False,
Editar Loja,app.js,8950,fi(),título/rótulo,🎯 Vendedor responsável (C.A.C.),🎯 Vendedor Responsável (C.A.C.),🎯 Vendedor Responsável (C.A.C.),False,False,
Editar Loja,app.js,8951,fi(),título/rótulo,Entregador bloqueado,Entregador Bloqueado,Entregador Bloqueado,False,False,
Editar Loja,app.js,8952,texto-html,frase,Ativo no App Let's Go Cliente,Ativo no app Let's Go cliente,Ativo no app Let's Go cliente,False,False,
Início da loja (carrossel),app.js,13003,botao:,título/rótulo,Ver planos,Ver Planos,Ver Planos,False,False,texto do carrossel aprovado por você
Início da loja (carrossel),app.js,13008,titulo:,título/rótulo,Entrega Dedicada: garanta entregadores fixos na sua loja,Entrega Dedicada: Garanta Entregadores Fixos na Sua Loja,Entrega Dedicada: Garanta Entregadores Fixos na Sua Loja,False,False,texto do carrossel aprovado por você
Início da loja (carrossel),app.js,13013,titulo:,título/rótulo,Você já conhece as vantagens do crédito pré-pago?,Você Já Conhece as Vantagens do Crédito Pré-pago?,Você Já Conhece As Vantagens do Crédito Pré-pago?,False,False,texto do carrossel aprovado por você
Início da loja (carrossel),app.js,13014,botao:,título/rótulo,Recarregar agora,Recarregar Agora,Recarregar Agora,False,False,texto do carrossel aprovado por você
Início da loja (carrossel),app.js,13015,titulo:,título/rótulo,Acompanhe seus clientes,Acompanhe Seus Clientes,Acompanhe Seus Clientes,False,False,texto do carrossel aprovado por você
Início da loja (carrossel),app.js,13015,botao:,título/rótulo,Ver meus clientes,Ver Meus Clientes,Ver Meus Clientes,False,False,texto do carrossel aprovado por você
Início da loja (carrossel),app.js,13016,titulo:,título/rótulo,Acompanhe seu desempenho,Acompanhe Seu Desempenho,Acompanhe Seu Desempenho,False,False,texto do carrossel aprovado por você
Início da loja (carrossel),app.js,13016,botao:,título/rótulo,Ver desempenho,Ver Desempenho,Ver Desempenho,False,False,texto do carrossel aprovado por você
Novo Pedido,app.js,2718,texto-html,título/rótulo,⚠️ Loja sem coordenadas GPS,⚠️ Loja Sem Coordenadas GPS,⚠️ Loja Sem Coordenadas GPS,False,False,
Novo Pedido,app.js,2772,label:,título/rótulo,Chegou no local,Chegou no Local,Chegou no Local,False,False,
Novo Pedido,app.js,2773,label:,título/rótulo,Em rota,Em Rota,Em Rota,False,False,
Novo Pedido,app.js,2774,label:,título/rótulo,Chegou no destino,Chegou no Destino,Chegou no Destino,False,False,
Novo Pedido,app.js,7207,texto-html,título/rótulo,Plataforma de origem,Plataforma de Origem,Plataforma de Origem,False,False,
Novo Pedido,app.js,7207,texto-html,título/rótulo,Endereço de entrega,Endereço de Entrega,Endereço de Entrega,False,False,
Novo Pedido,app.js,7207,placeholder,título/rótulo,"Rua, número, bairro","Rua, Número, Bairro","Rua, Número, Bairro",False,False,
Novo Pedido,app.js,7207,placeholder,título/rótulo,"Apto, bloco, ponto de referência","Apto, Bloco, Ponto de Referência","Apto, Bloco, Ponto de Referência",False,False,
Visão Executiva,app.js,7859,texto-html,título/rótulo,Pedidos finalizados (eixo direito),Pedidos Finalizados (eixo direito),Pedidos Finalizados (eixo direito),False,False,
Visão Executiva,app.js,7860,texto-html,frase,· passe o mouse no gráfico pra ver o valor exato,· Passe o mouse no gráfico pra ver o valor exato,· Passe o mouse no gráfico pra ver o valor exato,False,False,
Visão Executiva,app.js,8352,texto-html,título/rótulo,📈 Crescimento da empresa,📈 Crescimento da Empresa,📈 Crescimento da Empresa,False,False,
Visão Executiva,app.js,8354,texto-html,título/rótulo,7 dias,7 Dias,7 Dias,False,False,
Visão Executiva,app.js,8355,texto-html,título/rótulo,30 dias,30 Dias,30 Dias,False,False,
Visão Executiva,app.js,8356,texto-html,título/rótulo,6 meses,6 Meses,6 Meses,False,False,
Visão Executiva,app.js,8357,texto-html,título/rótulo,12 meses,12 Meses,12 Meses,False,False,
Visão Executiva,app.js,8417,texto-html,título/rótulo,✓ Tudo sob controle,✓ Tudo Sob Controle,✓ Tudo Sob Controle,False,False,
Configuração → iFood,app.js,12563,texto-html,título/rótulo,▲ Mostrar só recentes,▲ Mostrar Só Recentes,▲ Mostrar Só Recentes,False,False,
Configuração → iFood,app.js,12577,texto-html,título/rótulo,❌ Erro ao carregar lojas,❌ Erro ao Carregar Lojas,❌ Erro Ao Carregar Lojas,False,False,
Configuração → iFood,app.js,12583,texto-html,frase,"Nenhuma loja vinculada ainda. Clique em ""➕ Adicionar integração"" pra vincular a primeira.","Nenhuma loja vinculada ainda. Clique em ""➕ adicionar integração"" pra vincular a primeira.","Nenhuma loja vinculada ainda. Clique em ""➕ adicionar integração"" pra vincular a primeira.",False,False,
Configuração → iFood,app.js,12622,texto-html,frase,❌ Esse Merchant ID já está vinculado a outra loja,❌ Esse merchant ID já está vinculado a outra loja,❌ Esse merchant ID já está vinculado a outra loja,False,False,
Configuração → iFood,app.js,12647,texto-html,título/rótulo,🏪 Buscar loja,🏪 Buscar Loja,🏪 Buscar Loja,False,False,
Configuração → iFood,app.js,12696,texto-html,frase,Informe o Merchant ID,Informe o merchant ID,Informe o merchant ID,False,False,
Configuração → iFood,app.js,12702,texto-html,frase,❌ Esse Merchant ID já está vinculado a outra loja,❌ Esse merchant ID já está vinculado a outra loja,❌ Esse merchant ID já está vinculado a outra loja,False,False,
Fatura (detalhe),app.js,11709,texto-html,título/rótulo,Cobrança não encontrada,Cobrança Não Encontrada,Cobrança Não Encontrada,False,False,
Fatura (detalhe),app.js,11764,texto-html,título/rótulo,FATURA,Fatura,Fatura,True,False,
Fatura (detalhe),app.js,11785,texto-html,título/rótulo,Instruções de pagamento,Instruções de Pagamento,Instruções de Pagamento,False,False,
Fatura (detalhe),app.js,11788,texto-html,título/rótulo,PIX,Pix,Pix,True,False,
Fatura (detalhe),app.js,11800,texto-html,título/rótulo,TOTAL,Total,Total,True,False,
Fatura (detalhe),app.js,11805,texto-html,título/rótulo,Valor original,Valor Original,Valor Original,False,False,
Fatura (detalhe),app.js,11808,texto-html,título/rótulo,Total atualizado,Total Atualizado,Total Atualizado,False,False,
Página de rastreio (cliente final),app.js,13604,texto-html,título/rótulo,PREVISÃO DE ENTREGA,Previsão de Entrega,Previsão de Entrega,True,False,
Página de rastreio (cliente final),app.js,13633,texto-html,título/rótulo,CÓDIGO PRA ENTREGA,Código pra Entrega,Código Pra Entrega,True,False,
Página de rastreio (cliente final),app.js,13638,texto-html,frase,Precisa De Suporte Com Sua Entrega?,Precisa de suporte com sua entrega?,Precisa de suporte com sua entrega?,False,False,
Página de rastreio (cliente final),app.js,13638,texto-html,frase,"Qualquer Dúvida, Nossa Equipe Está À Disposição.","Qualquer dúvida, nossa equipe está À disposição.","Qualquer dúvida, nossa equipe está À disposição.",False,False,
Página de rastreio (cliente final),app.js,13680,texto-html,frase,Pedido Entregue!,Pedido entregue!,Pedido entregue!,False,False,
Página de rastreio (cliente final),app.js,13683,texto-html,frase,Avalie Nosso App Na Play Store,Avalie nosso app na Play Store,Avalie nosso app na Play Store,False,False,
Página de rastreio (cliente final),app.js,13685,texto-html,título/rótulo,⭐ Avaliar Na Play Store,⭐ Avaliar na Play Store,⭐ Avaliar na Play Store,False,False,
Gerar Cobranças,app.js,11416,texto-html,título/rótulo,Data início,Data Início,Data Início,False,False,
Gerar Cobranças,app.js,11421,texto-html,título/rótulo,Data fim,Data Fim,Data Fim,False,False,
Gerar Cobranças,app.js,11461,texto-html,título/rótulo,Carregar mais,Carregar Mais,Carregar Mais,False,False,
Gerar Cobranças,app.js,11466,texto-html,título/rótulo,Carregar mais,Carregar Mais,Carregar Mais,False,False,
Gerar Cobranças,app.js,11495,texto-html,título/rótulo,TOTAL A COBRAR DAS LOJAS,Total a Cobrar das Lojas,Total a Cobrar das Lojas,True,False,
Gerar Cobranças,app.js,11532,texto-html,título/rótulo,Selecionar todas,Selecionar Todas,Selecionar Todas,False,False,
Início da loja,app.js,13129,texto-html,título/rótulo,Conteúdos para você,Conteúdos para Você,Conteúdos para Você,False,False,
Início da loja,app.js,13139,texto-html,título/rótulo,Comece por aqui,Comece por Aqui,Comece Por Aqui,False,False,
Início da loja,app.js,13142,texto-html,título/rótulo,Crie uma entrega,Crie uma Entrega,Crie Uma Entrega,False,False,
Início da loja,app.js,13144,texto-html,título/rótulo,Resumo de hoje,Resumo de Hoje,Resumo de Hoje,False,False,
Início da loja,app.js,13164,texto-html,título/rótulo,Pedidos hoje,Pedidos Hoje,Pedidos Hoje,False,False,
Início da loja,app.js,13165,texto-html,título/rótulo,Faturamento hoje,Faturamento Hoje,Faturamento Hoje,False,False,
Pedidos (editar pedido),app.js,4983,texto-html,título/rótulo,Endereço de entrega,Endereço de Entrega,Endereço de Entrega,False,False,
Pedidos (editar pedido),app.js,5009,texto-html,título/rótulo,Endereço de coleta,Endereço de Coleta,Endereço de Coleta,False,False,
Pedidos (editar pedido),app.js,5009,placeholder,título/rótulo,"Rua, número, bairro","Rua, Número, Bairro","Rua, Número, Bairro",False,False,
Pedidos (editar pedido),app.js,5011,texto-html,título/rótulo,Contato na coleta,Contato na Coleta,Contato na Coleta,False,False,
Pedidos (editar pedido),app.js,5012,texto-html,título/rótulo,Telefone da coleta,Telefone da Coleta,Telefone da Coleta,False,False,
Pedidos (editar pedido),app.js,5022,texto-html,título/rótulo,Data e hora,Data e Hora,Data e Hora,False,False,
Tabelas de Preço,app.js,12877,title-attr,título/rótulo,Clonar tabela,Clonar Tabela,Clonar Tabela,False,False,
Tabelas de Preço,app.js,12887,texto-html,título/rótulo,Com retorno,Com Retorno,Com Retorno,False,False,
Tabelas de Preço,app.js,12887,texto-html,título/rótulo,/km,/Km,/Km,False,False,
Tabelas de Preço,app.js,12912,texto-html,título/rótulo,Km até,Km Até,Km Até,False,False,
Tabelas de Preço,app.js,12912,texto-html,frase,/km percorrido além do último range,/Km percorrido além do último range,/Km percorrido além do último range,False,False,
Tabelas de Preço,app.js,12933,texto-html,título/rótulo,Km até,Km Até,Km Até,False,False,
Cadastros → Importar lojas,app.js,5772,texto-html,frase,". CPF/CNPJ, e-mail e senha ficam pendentes — cada loja importada aparece com o selo ""⚠️ Dados pendentes"" pra você completar individualmente depois em Editar Loja.",". CPF/CNPJ, e-mail e senha ficam pendentes — cada loja importada aparece com o selo ""⚠️ dados pendentes"" pra você completar individualmente depois em editar loja.",". CPF/CNPJ, e-mail e senha ficam pendentes — cada loja importada aparece com o selo ""⚠️ dados pendentes"" pra você completar individualmente depois em editar loja.",False,False,
Cadastros → Importar lojas,app.js,5775,texto-html,título/rótulo,Planilha preenchida (.csv),Planilha Preenchida (.csv),Planilha Preenchida (.csv),False,False,
Cadastros → Importar lojas,app.js,5780,texto-html,título/rótulo,Confirmar importação,Confirmar Importação,Confirmar Importação,False,False,
Cadastros → Importar lojas,app.js,5860,texto-html,frase,(sem WhatsApp),(Sem WhatsApp),(Sem WhatsApp),False,False,
Cadastros → Importar lojas,app.js,5860,title-attr,frase,"Vai entrar como Dados pendentes, complete depois em Editar Loja","Vai entrar como dados pendentes, complete depois em editar loja","Vai entrar como dados pendentes, complete depois em editar loja",False,False,
Configuração → Integrações,app.js,12462,label:,título/rótulo,Não iniciado,Não Iniciado,Não Iniciado,False,False,
Configuração → Integrações,app.js,12463,label:,título/rótulo,Em andamento,Em Andamento,Em Andamento,False,False,
Configuração → Integrações,app.js,12476,texto-html,título/rótulo,🧩 Outras plataformas,🧩 Outras Plataformas,🧩 Outras Plataformas,False,False,
Configuração → Integrações,app.js,12512,texto-html,frase,🏪 Vínculo de Lojas — iFood,🏪 Vínculo de lojas — iFood,🏪 Vínculo de lojas — iFood,False,False,
Configuração → Integrações,app.js,12515,texto-html,frase,"Vincula cada loja ao Merchant ID do app do iFood (Portal do Desenvolvedor → seu app → Merchant UUID). Sem isso, pedidos vindos do iFood não sabem de qual loja são nem o endereço de coleta. Só aparecem aqui as lojas já vinculadas.","Vincula cada loja ao merchant ID do app do iFood (Portal do desenvolvedor → seu app → merchant UUID). Sem isso, pedidos vindos do iFood não sabem de qual loja são nem o endereço de coleta. Só aparecem aqui as lojas já vinculadas.","Vincula cada loja ao merchant ID do app do iFood (Portal do desenvolvedor → seu app → merchant UUID). Sem isso, pedidos vindos do iFood não sabem de qual loja são nem o endereço de coleta. Só aparecem aqui as lojas já vinculadas.",False,False,
Preço Dinâmico,app.js,6669,texto-html,título/rótulo,GLOBAL (TODAS AS CIDADES),Global (Todas as Cidades),Global (Todas As Cidades),True,False,
Preço Dinâmico,app.js,6674,texto-html,título/rótulo,POR CIDADE,Por Cidade,Por Cidade,True,False,
Preço Dinâmico,app.js,6980,texto-html,título/rótulo,❌ Erro ao salvar,❌ Erro ao Salvar,❌ Erro Ao Salvar,False,False,
Preço Dinâmico,app.js,7046,texto-html,título/rótulo,Selecionar todos,Selecionar Todos,Selecionar Todos,False,False,
Preço Dinâmico,app.js,7148,texto-html,título/rótulo,❌ Erro ao salvar,❌ Erro ao Salvar,❌ Erro Ao Salvar,False,False,
Boas-vindas da loja (removida),app.js,4166,texto-html,título/rótulo,↗ Crescimento da loja,↗ Crescimento da Loja,↗ Crescimento da Loja,False,True,
Boas-vindas da loja (removida),app.js,4168,texto-html,título/rótulo,7 dias,7 Dias,7 Dias,False,True,
Boas-vindas da loja (removida),app.js,4169,texto-html,título/rótulo,30 dias,30 Dias,30 Dias,False,True,
Boas-vindas da loja (removida),app.js,4170,texto-html,título/rótulo,6 meses,6 Meses,6 Meses,False,True,
Configuração → Cliente,app.js,12359,texto-html,título/rótulo,Raio de agrupamento,Raio de Agrupamento,Raio de Agrupamento,False,False,
Configuração → Cliente,app.js,12368,texto-html,título/rótulo,Máximo de pedidos por rota,Máximo de Pedidos por Rota,Máximo de Pedidos Por Rota,False,False,
Configuração → Cliente,app.js,12374,texto-html,título/rótulo,Tempo de espera para agrupar,Tempo de Espera para Agrupar,Tempo de Espera para Agrupar,False,False,
Configuração → Cliente,app.js,12435,texto-html,título/rótulo,❌ Erro ao salvar,❌ Erro ao Salvar,❌ Erro Ao Salvar,False,False,
Entrega Dedicada,app.js,10542,texto-html,título/rótulo,Só vagas preenchidas,Só Vagas Preenchidas,Só Vagas Preenchidas,False,False,
Entrega Dedicada,app.js,10605,texto-html,título/rótulo,HOJE,Hoje,Hoje,True,False,
Entrega Dedicada,app.js,10655,texto-html,título/rótulo,Dia já passou,Dia Já Passou,Dia Já Passou,False,False,
Entrega Dedicada,app.js,10769,texto-html,título/rótulo,CPF do motoboy,CPF do Motoboy,CPF do Motoboy,False,False,
Menu lateral,app.js,171,label:,título/rótulo,Perfil da loja,Perfil da Loja,Perfil da Loja,False,False,
Menu lateral,app.js,175,label:,título/rótulo,Formas de pagamento,Formas de Pagamento,Formas de Pagamento,False,False,
Menu lateral,app.js,176,label:,título/rótulo,Dados bancários,Dados Bancários,Dados Bancários,False,False,
Menu lateral,app.js,179,label:,título/rótulo,Minha conta,Minha Conta,Minha Conta,False,False,
Recarga de saldo (modal),app.js,3380,texto-html,título/rótulo,Recarregar saldo via Pix,Recarregar Saldo Via Pix,Recarregar Saldo Via Pix,False,False,
Recarga de saldo (modal),app.js,3382,texto-html,título/rótulo,Saldo atual,Saldo Atual,Saldo Atual,False,False,
Recarga de saldo (modal),app.js,3401,texto-html,título/rótulo,Recomendado · Ideal para começar,Recomendado · Ideal para Começar,Recomendado · Ideal para Começar,False,False,
Recarga de saldo (modal),app.js,3412,aria-label,título/rótulo,Valor da recarga,Valor da Recarga,Valor da Recarga,False,False,
Aprovar Cobranças,app.js,11573,texto-html,título/rótulo,Data início,Data Início,Data Início,False,False,
Aprovar Cobranças,app.js,11575,texto-html,título/rótulo,Data fim,Data Fim,Data Fim,False,False,
Aprovar Cobranças,app.js,11608,texto-html,título/rótulo,Selecionar todas,Selecionar Todas,Selecionar Todas,False,False,
Aprovar Saques,app.js,10964,texto-html,título/rótulo,Carregar mais,Carregar Mais,Carregar Mais,False,False,
Aprovar Saques,app.js,10969,texto-html,título/rótulo,Carregar mais,Carregar Mais,Carregar Mais,False,False,
Aprovar Saques,app.js,11138,texto-html,título/rótulo,Saques pendentes de aprovação,Saques Pendentes de Aprovação,Saques Pendentes de Aprovação,False,False,
Cancelamento iFood,app.js,3577,texto-html,título/rótulo,Cancelar pedido iFood,Cancelar Pedido iFood,Cancelar Pedido iFood,False,False,
Cancelamento iFood,app.js,3594,texto-html,título/rótulo,Confirmar cancelamento,Confirmar Cancelamento,Confirmar Cancelamento,False,False,
Cancelamento iFood,app.js,3609,texto-html,título/rótulo,Erro de conexão,Erro de Conexão,Erro de Conexão,False,False,
Configuração → Operação,app.js,12735,texto-html,título/rótulo,Tempo de exibição por entregador,Tempo de Exibição por Entregador,Tempo de Exibição Por Entregador,False,False,
Configuração → Operação,app.js,12769,texto-html,título/rótulo,Tempo de reset,Tempo de Reset,Tempo de Reset,False,False,
Configuração → Operação,app.js,12788,texto-html,frase,Raio Limite de Despacho (por cidade),Raio limite de despacho (por cidade),Raio limite de despacho (por cidade),False,False,
Notificações (disparo),app.js,12151,texto-html,frase,"14 disparos automáticos (7 dias × 2 horários fixos, 09:09 e 18:18 Brasília) — cada card é independente, com seu próprio texto. Card com título/mensagem vazio simplesmente não dispara nesse dia. Sem botão de ""enviar a todos"" aqui — são só automáticos, use ""Testar"" pra conferir o texto antes.","14 Disparos automáticos (7 dias × 2 horários fixos, 09:09 e 18:18 brasília) — cada card é independente, com seu próprio texto. Card com título/mensagem vazio simplesmente não dispara nesse dia. Sem botão de ""enviar a todos"" aqui — são só automáticos, use ""Testar"" pra conferir o texto antes.","14 Disparos automáticos (7 dias × 2 horários fixos, 09:09 e 18:18 brasília) — cada card é independente, com seu próprio texto. Card com título/mensagem vazio simplesmente não dispara nesse dia. Sem botão de ""enviar a todos"" aqui — são só automáticos, use ""Testar"" pra conferir o texto antes.",False,False,
Notificações (disparo),app.js,12253,texto-html,título/rótulo,❌ Erro ao salvar,❌ Erro ao Salvar,❌ Erro Ao Salvar,False,False,
Notificações (disparo),app.js,12299,texto-html,título/rótulo,❌ Erro ao enviar,❌ Erro ao Enviar,❌ Erro Ao Enviar,False,False,
Novo Entregador,app.js,6589,texto-html,título/rótulo,Nome completo,Nome Completo,Nome Completo,False,False,
Novo Entregador,app.js,6589,texto-html,título/rótulo,Senha inicial,Senha Inicial,Senha Inicial,False,False,
Novo Entregador,app.js,6589,placeholder,título/rótulo,Mínimo 6 caracteres,Mínimo 6 Caracteres,Mínimo 6 Caracteres,False,False,
WhatsApp Financeiro,app.js,11959,notif,frase,ℹ️ Sem lojas com WhatsApp Financeiro,ℹ️ Sem lojas com WhatsApp financeiro,ℹ️ Sem lojas com WhatsApp financeiro,False,False,
WhatsApp Financeiro,app.js,11999,texto-html,título/rótulo,Mensagem não pode ser vazia,Mensagem Não Pode Ser Vazia,Mensagem Não Pode Ser Vazia,False,False,
WhatsApp Financeiro,app.js,12085,texto-html,título/rótulo,Enviado automaticamente toda,Enviado Automaticamente Toda,Enviado Automaticamente Toda,False,False,
Cadastros → Entregadores,app.js,6158,texto-html,título/rótulo,PIX,Pix,Pix,True,False,
Cadastros → Entregadores,app.js,6158,texto-html,título/rótulo,Data cadastro,Data Cadastro,Data Cadastro,False,False,
Cadastros → Estabelecimentos,app.js,5636,texto-html,título/rótulo,E-mail acesso,E-mail Acesso,E-mail Acesso,False,False,
Cadastros → Estabelecimentos,app.js,5999,texto-html,título/rótulo,⚠️ Dados pendentes,⚠️ Dados Pendentes,⚠️ Dados Pendentes,False,False,
Desempenho,app.js,8857,label:,título/rótulo,Em rota,Em Rota,Em Rota,False,False,
Desempenho,app.js,8858,label:,título/rótulo,Chegou no destino,Chegou no Destino,Chegou no Destino,False,False,
Lojas,app.js,8906,texto-html,título/rótulo,E-mail acesso,E-mail Acesso,E-mail Acesso,False,False,
Lojas,app.js,8909,texto-html,título/rótulo,⚠️ Dados pendentes,⚠️ Dados Pendentes,⚠️ Dados Pendentes,False,False,
Pedidos (comanda),app.js,11865,texto-html,título/rótulo,CÓDIGO DE COLETA (iFOOD),Código de Coleta (iFOOD),Código de Coleta (iFOOD),False,False,
Pedidos (comanda),app.js,11877,texto-html,título/rótulo,TOTAL,Total,Total,True,False,
Pedidos (detalhes),app.js,3679,texto-html,título/rótulo,PREVISÃO DE ENTREGA,Previsão de Entrega,Previsão de Entrega,True,False,
Pedidos (detalhes),app.js,3720,texto-html,título/rótulo,🔗 Copiar link de rastreio,🔗 Copiar Link de Rastreio,🔗 Copiar Link de Rastreio,False,False,
Cardápio digital,app.js,13367,texto-html,frase,"Clique em ""+ Novo Produto"".","Clique em ""+ novo produto"".","Clique em ""+ novo produto"".",False,False,
Configuração,app.js,12329,texto-html,título/rótulo,Em breve,Em Breve,Em Breve,False,False,
Integrações (em breve),app.js,3920,texto-html,título/rótulo,Em breve,Em Breve,Em Breve,False,False,
Pedidos (código iFood),app.js,3625,placeholder,título/rótulo,Código informado pelo motoboy,Código Informado pelo Motoboy,Código Informado Pelo Motoboy,False,False,
Relatórios,app.js,9695,texto-html,título/rótulo,Todas as lojas,Todas as Lojas,Todas As Lojas,False,False,
